Workbook

Sheet Sheet1
A1: Perform the following in the dataset from the 'Dataset' sheet.
A3: 1) Handling Missing Values:
A4: • Check for missing values in the 'Price' column. How would you handle products with missing price information?
A5: • If there are products with missing categories, propose a strategy to impute or deal with these missing values effectively.
A7: 2) Correcting Inconsistent Data:
A8: • Identify any inconsistent text formats present in the "Product Name" column.
A9: • Identify any typos present in the "Category" column.
A10: • Use the find and replace function to standardize the text formats in the "Product Name" column and fix any typos or misspellings in the "Category" column.
A12: 3) Removing Duplicates:
A13: • Identify any duplicate rows within the dataset based on the entirety of each row, and remove them if any.
A15: 4) Splitting and Merging Data:
A16: • Split the "Product ID" column into two separate columns for " Manufacturing Date" and "Country Code". Remove unnecessary characters, if any.
... A25: • Create a custom rule for conditional formatting in the "Category" column to highlight cells where the category is "Electronics."

Sheet Dataset
B1: RAW DATA | L1: PROCESSED DATA
A3: Product ID | B3: Product Name | C3: Brand Name | D3: Price ($) | E3: Quantity | F3: Category | H3: DAY | I3: MONTH | J3: COUNTRY CODE | K3: PRODUCT ID | L3: PRODUCT NAME | M3: BRAND NAME | N3: PRICE ($) | O3: QUANTITY | P3: CATEGORY
A4: 28-JAN-US | B4: laptop | C4: Dell | D4: 1000 | E4: 30 | F4: Electronics | H4: 28 | I4: JAN | J4: US | K4: =_xlfn.CONCAT(Table1[[#This Row],[DAY]],"-",Table1[[#This Row],[MONTH]],"-",Table1[[#This Row],[COUNTRY CODE]]) -> 28-JAN-US | L4: Laptop | M4: Dell | N4: 1000 | O4: 30 | P4: Electronics | Q4: =MID(I4,4,3) | R4: =AVERAGE($N$4:$N$34) -> 290.32258
A5: 15-FEB-US | B5: Sneakers | C5: Nike | D5: 80 | E5: 15 | F5: Fashion | H5: 15 | I5: FEB | J5: US | K5: =_xlfn.CONCAT(Table1[[#This Row],[DAY]],"-",Table1[[#This Row],[MONTH]],"-",Table1[[#This Row],[COUNTRY CODE]]) -> 15-FEB-US | L5: Sneakers | M5: Nike | N5: 80 | O5: 15 | P5: Fashion
A6: 03-MAR-US | B6: Coffee Maker | C6: Keurig | D6: 130 | E6: 40 | F6: Kitchen | H6: 3 | I6: MAR | J6: US | K6: =_xlfn.CONCAT(Table1[[#This Row],[DAY]],"-",Table1[[#This Row],[MONTH]],"-",Table1[[#This Row],[COUNTRY CODE]]) -> 3-MAR-US | L6: Coffee Maker | M6: Keurig | N6: 130 | O6: 40 | P6: Kitchen | R6: Data Cleaning, Transformation & Formatting Summary
A7: 11-APR-US | B7: smartphone | C7: Samsung | D7: 900 | E7: 25 | F7: Electronics | H7: 11 | I7: APR | J7: US | K7: =_xlfn.CONCAT(Table1[[#This Row],[DAY]],"-",Table1[[#This Row],[MONTH]],"-",Table1[[#This Row],[COUNTRY CODE]]) -> 11-APR-US | L7: Smartphone | M7: Samsung | N7: 900 | O7: 25 | P7: Electronics
A8: 22-MAY-US | B8: Backpack | C8: North Face | D8: 70 | E8: 20 | H8: 22 | I8: MAY | J8: US | K8: =_xlfn.CONCAT(Table1[[#This Row],[DAY]],"-",Table1[[#This Row],[MONTH]],"-",Table1[[#This Row],[COUNTRY CODE]]) -> 22-MAY-US | L8: Backpack | M8: North Face | N8: 70 | O8: 20 | P8: Accessories | R8: I identified inconsistent category values (e.g., “Electroni”) and standardized them to “Electronics” using Find & Replace, ensuring uniform category labeling across the dataset.
A9: 07-JUN-UK | B9: Headphones | C9: Sony | E9: 45 | F9: Electroni | H9: 7 | I9: JUN | J9: UK | K9: =_xlfn.CONCAT(Table1[[#This Row],[DAY]],"-",Table1[[#This Row],[MONTH]],"-",Table1[[#This Row],[COUNTRY CODE]]) -> 7-JUN-UK | L9: Headphones | M9: Sony | N9: 290 | O9: 45 | P9: Electronics
A10: 19-JUL-UK | B10: T-shirt | C10: Adidas | D10: 30 | E10: 5 | F10: Fashion | H10: 19 | I10: JUL | J10: UK | K10: =_xlfn.CONCAT(Table1[[#This Row],[DAY]],"-",Table1[[#This Row],[MONTH]],"-",Table1[[#This Row],[COUNTRY CODE]]) -> 19-JUL-UK | L10: T-shirt | M10: Adidas | N10: 30 | O10: 5 | P10: Fashion | R10: I applied the Remove Duplicates feature in Excel by selecting all columns to ensure that only completely identical records were eliminated. As a result, Excel detected and successfully removed 3 duplicate records, leaving only unique rows in the dataset.
A11: 23-AUG-UK | B11: Blender | C11: Ninja | D11: 90 | E11: 35 | F11: Kitchen | H11: 23 | I11: AUG | J11: UK | K11: =_xlfn.CONCAT(Table1[[#This Row],[DAY]],"-",Table1[[#This Row],[MONTH]],"-",Table1[[#This Row],[COUNTRY CODE]]) -> 23-AUG-UK | L11: Blender | M11: Ninja | N11: 90 | O11: 35 | P11: Kitchen
A12: 05-SEP-UK | B12: Tablet | C12: Apple | D12: 500 | E12: 50 | F12: Electronics | H12: 5 | I12: SEP | J12: UK | K12: =_xlfn.CONCAT(Table1[[#This Row],[DAY]],"-",Table1[[#This Row],[MONTH]],"-",Table1[[#This Row],[COUNTRY CODE]]) -> 5-SEP-UK | L12: Tablet | M12: Apple | N12: 290 | O12: 50 | P12: Electronics | R12: Removed Duplicate Records:
A13: 14-OCT-UK | B13: Hiking Boots | C13: Timberland | D13: 130 | E13: 10 | F13: Outdoor | H13: 14 | I13: OCT | J13: UK | K13: =_xlfn.CONCAT(Table1[[#This Row],[DAY]],"-",Table1[[#This Row],[MONTH]],"-",Table1[[#This Row],[COUNTRY CODE]]) -> 14-OCT-UK | L13: Hiking Boots | M13: Timberland | N13: 130 | O13: 10 | P13: Outdoor
A14: 17-JUN-IN | B14: Laptop | C14: HP | D14: 950 | E14: 25 | F14: Electronics | H14: 17 | I14: JUN | J14: IN | K14: =_xlfn.CONCAT(Table1[[#This Row],[DAY]],"-",Table1[[#This Row],[MONTH]],"-",Table1[[#This Row],[COUNTRY CODE]]) -> 17-JUN-IN | L14: Laptop | M14: HP | N14: 950 | O14: 25 | P14: Electronics
A15: 25-NOV-AU | B15: Sneakers | C15: Adidas | D15: 90 | E15: 40 | H15: 25 | I15: NOV | J15: AU | K15: =_xlfn.CONCAT(Table1[[#This Row],[DAY]],"-",Table1[[#This Row],[MONTH]],"-",Table1[[#This Row],[COUNTRY CODE]]) -> 25-NOV-AU | L15: Sneakers | M15: Adidas | N15: 90 | O15: 40 | P15: Fashion
A16: 08-DEC-DE | B16: Coffee Maker | C16: Nespresso | D16: 120 | E16: 35 | H16: 8 | I16: DEC | J16: DE | K16: =IFERROR(_xlfn.CONCAT(Dataset!H5,"-",Dataset!I5,"-",Dataset!J5),"") -> 15-FEB-US | L16: Coffee Maker | M16: Nespresso | N16: 120 | O16: 35 | P16: Kitchen | R16: 17-JUN-IN | Laptop | HP | 950 | 25 | Electronics
A17: 18-FEB-CA | B17: Smartwatch | C17: Fitbit | D17: 150 | E17: 15 | F17: Electroni | H17: 18 | I17: FEB | J17: CA | K17: =IFERROR(_xlfn.CONCAT(Dataset!H6,"-",Dataset!I6,"-",Dataset!J6),"") -> 3-MAR-US | L17: Smartwatch | M17: Fitbit | N17: 150 | O17: 15 | P17: Electronics
A18: 16-APR-ES | B18: headphones | C18: Bose | D18: 250 | E18: 20 | F18: Electroni | H18: 16 | I18: APR | J18: ES | K18: =IFERROR(_xlfn.CONCAT(Dataset!H7,"-",Dataset!I7,"-",Dataset!J7),"") -> 11-APR-US | L18: Headphones | M18: Bose | N18: 250 | O18: 20 | P18: Electronics | R18: 21-AUG-CA | Laptop Bag | Samsonite | 50 | 35 | Accessories
A19: 21-AUG-CA | B19: Laptop Bag | C19: Samsonite | D19: 50 | E19: 35 | F19: Accessories | H19: 21 | I19: AUG | J19: CA | K19: =IFERROR(_xlfn.CONCAT(Dataset!H8,"-",Dataset!I8,"-",Dataset!J8),"") -> 22-MAY-US | L19: Laptop Bag | M19: Samsonite | N19: 50 | O19: 35 | P19: Accessories
A20: 20-AUG-CN | B20: Smartwatch | C20: Huawei | D20: 160 | E20: 15 | F20: Electroni | H20: 20 | I20: AUG | J20: CN | K20: =IFERROR(_xlfn.CONCAT(Dataset!H9,"-",Dataset!I9,"-",Dataset!J9),"") -> 7-JUN-UK | L20: Smartwatch | M20: Huawei | N20: 160 | O20: 15 | P20: Electronics | R20: 16-APR-ES | Headphones | Bose | 250 | 20 | Electronics
A21: 27-JAN-IT | B21: laptop | C21: Asus | D21: 980 | E21: 10 | F21: Electronics | H21: 27 | I21: JAN | J21: IT | K21: =IFERROR(_xlfn.CONCAT(Dataset!H10,"-",Dataset!I10,"-",Dataset!J10),"") -> 19-JUL-UK | L21: Laptop | M21: Asus | N21: 980 | O21: 10 | P21: Electronics
A22: 01-MAR-UK | B22: Sunglasses | C22: Oakley | D22: 150 | E22: 15 | F22: Fashion | H22: 1 | I22: MAR | J22: UK | K22: =IFERROR(_xlfn.CONCAT(Dataset!H11,"-",Dataset!I11,"-",Dataset!J11),"") -> 23-AUG-UK | L22: Sunglasses | M22: Oakley | N22: 150 | O22: 15 | P22: Fashion | R22: I calculated the overall average price using the AVERAGE function with the formula:
A23: 14-AUG-US | B23: Camping Tent | C23: Coleman | E23: 10 | F23: Outdoor | H23: 14 | I23: AUG | J23: US | K23: =IFERROR(_xlfn.CONCAT(Dataset!H12,"-",Dataset!I12,"-",Dataset!J12),"") -> 5-SEP-UK | L23: Camping Tent | M23: Coleman | N23: 290 | O23: 10 | P23: Outdoor | R23: AVERAGE($K$4:$K$34)
A24: 14-MAY-RU | B24: Camera | C24: Nikon | D24: 700 | E24: 50 | F24: Electronics | H24: 14 | I24: MAY | J24: RU | K24: =IFERROR(_xlfn.CONCAT(Dataset!H13,"-",Dataset!I13,"-",Dataset!J13),"") -> 14-OCT-UK | L24: Camera | M24: Nikon | N24: 700 | O24: 50 | P24: Electronics
A25: 09-JAN-CA | B25: Microwave | C25: Panasonic | D25: 80 | E25: 20 | F25: Kitchen | H25: 9 | I25: JAN | J25: CA | K25: =IFERROR(_xlfn.CONCAT(Dataset!H14,"-",Dataset!I14,"-",Dataset!J14),"") -> 17-JUN-IN | L25: Microwave | M25: Panasonic | N25: 80 | O25: 20 | P25: Kitchen | R25: I standardized the Product Name column by applying the PROPER function to ensure consistent capitalization.
A26: 19-JUL-BR | B26: Fitness Tracker | C26: Xiaomi | D26: 150 | E26: 30 | H26: 19 | I26: JUL | J26: BR | K26: =IFERROR(_xlfn.CONCAT(Dataset!H15,"-",Dataset!I15,"-",Dataset!J15),"") -> 25-NOV-AU | L26: Fitness Tracker | M26: Xiaomi | N26: 150 | O26: 30 | P26: Electronics
A27: 21-AUG-CA | B27: Laptop Bag | C27: Samsonite | D27: 50 | E27: 35 | F27: Accessories | H27: 29 | I27: SEP | J27: CA | K27: =IFERROR(_xlfn.CONCAT(Dataset!H16,"-",Dataset!I16,"-",Dataset!J16),"") -> 8-DEC-DE | L27: Smartphone | M27: Google | N27: 800 | O27: 45 | P27: Electronics | R27: I cleaned the Product ID by splitting it using Text to Columns (Delimited) and then recombining the cleaned values using the CONCAT function.
A28: 29-SEP-CA | B28: Smartphone | C28: Google | D28: 800 | E28: 45 | F28: Electronics | H28: 3 | I28: JUN | J28: CA | K28: =IFERROR(_xlfn.CONCAT(Dataset!H17,"-",Dataset!I17,"-",Dataset!J17),"") -> 18-FEB-CA | L28: Sunglasses | M28: Ray-Ban | N28: 290 | O28: 25 | P28: Fashion
A29: 03-JUN-CA | B29: Sunglasses | C29: Ray-Ban | E29: 25 | F29: Fashion | H29: 11 | I29: JUL | J29: CA | K29: =IFERROR(_xlfn.CONCAT(Dataset!H18,"-",Dataset!I18,"-",Dataset!J18),"") -> 16-APR-ES | L29: Blender | M29: Vitamix | N29: 400 | O29: 40 | P29: Kitchen | R29: I applied Data Bars to the Price column to visually represent price distribution.
A30: 11-JUL-CA | B30: Blender | C30: Vitamix | D30: 400 | E30: 40 | F30: Kitchen | H30: 7 | I30: MAR | J30: CA | K30: =IFERROR(_xlfn.CONCAT(Dataset!H19,"-",Dataset!I19,"-",Dataset!J19),"") -> 21-AUG-CA | L30: Dress | M30: Zara | N30: 60 | O30: 30 | P30: Fashion
A31: 16-APR-ES | B31: headphones | C31: Bose | D31: 250 | E31: 20 | F31: Electroni | H31: 13 | I31: APR | J31: CA | K31: =IFERROR(_xlfn.CONCAT(Dataset!H20,"-",Dataset!I20,"-",Dataset!J20),"") -> 20-AUG-CN | L31: Toaster | M31: Hamilton | N31: 40 | O31: 10 | P31: Kitchen | R31: I created a custom Conditional Formatting rule to highlight and bold all “Electronics” entries in the Category column for quick identification.
A32: 07-MAR-CA | B32: Dress | C32: Zara | D32: 60 | E32: 30 | F32: Fashion | H32: 24 | I32: MAY | J32: CA | K32: =IFERROR(_xlfn.CONCAT(Dataset!H21,"-",Dataset!I21,"-",Dataset!J21),"") -> 27-JAN-IT | L32: Fitness Tracker | M32: Garmin | N32: 130 | O32: 5 | P32: Electronics
A33: 13-APR-CA | B33: Toaster | C33: Hamilton | D33: 40 | E33: 10 | F33: Kitchen | H33: 2 | I33: DEC | J33: CA | K33: =IFERROR(_xlfn.CONCAT(Dataset!H22,"-",Dataset!I22,"-",Dataset!J22),"") -> 1-MAR-UK | L33: Jeans | M33: Levi's | N33: 50 | O33: 50 | P33: Fashion | R33: I formatted the Price column in Currency format and ensured that all Date values followed the DD-MM-YYYY format.
A34: 24-MAY-CA | B34: Fitness Tracker | C34: Garmin | D34: 130 | E34: 5 | F34: Electronics | H34: 9 | I34: JUL | J34: FR | K34: =IFERROR(_xlfn.CONCAT(Dataset!H23,"-",Dataset!I23,"-",Dataset!J23),"") -> 14-AUG-US | L34: Watch | M34: Casio | N34: 100 | O34: 20 | P34: Accessories
A35: 02-DEC-CA | B35: Jeans | C35: Levi's | D35: 50 | E35: 50 | F35: Fashion
A36: 17-JUN-IN | B36: Laptop | C36: HP | D36: 950 | E36: 25 | F36: Electronics
A37: 09-JUL-FR | B37: Watch | C37: Casio | D37: 100 | E37: 20 | F37: Accessories
